{
  "meta_title": "",
  "meta_description": "",
  "sections": [
    {
      "type": "banner-slider",
      "autoplay": 0,
      "full_width": false,
      "slides": [
        {
          "img": "/img/uploads/desk-golden.png",
          "link": "",
          "alt": "Golden",
          "mobile_img": "/img/uploads/img_9106.jpeg",
          "start": "",
          "end": ""
        },
        {
          "start": "",
          "end": "",
          "img": "/img/uploads/desk-salted.png",
          "alt": "Salted",
          "mobile_img": "/img/uploads/img_9104.jpeg"
        },
        {
          "start": "",
          "end": "",
          "img": "/img/uploads/gg-banners-website-0000-frete-gratis.webp",
          "alt": "Cupom",
          "mobile_img": "/img/uploads/gg-banners-website-mobile-0000-frete-gratis.webp"
        },
        {
          "start": "",
          "end": "",
          "img": "/img/uploads/gg-banners-website-0001-grand-pack.webp",
          "alt": "Kit com 3",
          "mobile_img": "/img/uploads/img_0124.webp"
        },
        {
          "img": "/img/uploads/img_0273.png",
          "link": "",
          "alt": "Frete grátis",
          "mobile_img": "/img/uploads/img_0275.png",
          "start": "",
          "end": ""
        },
        {
          "start": "",
          "end": "",
          "img": "/img/uploads/desk-banana.png",
          "alt": "Banana",
          "mobile_img": "/img/uploads/img_9102.jpeg"
        }
      ]
    },
    {
      "type": "text-description",
      "title": "Pequenas fornadas.<br>Todos os dias.",
      "description": "Acreditamos que comida de verdade, feita com ingredientes naturais, tem mais sabor e é muito melhor para nossa saúde e do planeta"
    },
    {
      "type": "banners-grid",
      "id": 2,
      "banners": [
        {
          "img": "/img/uploads/granolas-1.webp",
          "link": "",
          "alt": "Artesanal"
        }
      ]
    },
    {
      "type": "info-bar",
      "enabled": true
    },
    {
      "page": 1,
      "title": "",
      "shuffle": true,
      "headless": true,
      "type": "collection-shelf",
      "id": "home",
      "limit": 12,
      "collection_id": "6622eaa14e9909015f18b5ab:collections:Granolas:/granolas",
      "sort": "offers"
    },
    {
      "type": "responsive-banner",
      "img": "/img/uploads/gg-quem-somos-0001-comp-de-camada-2-1.webp"
    }
  ]
}